{"cameraMode":{"drawMode":0,"name":"Shaded","section":"Shading Mode"},"sceneLighting":true,"audioPlay":false,"sceneViewState":{"showFog":true,"showMaterialUpdate":false,"showSkybox":true,"showFlares":true,"showImageEffects":true,"showParticleSystems":true,"showVisualEffectGraphs":true,"m_FxEnabled":true},"in2DMode":false,"pivot":{"x":-6.035029411315918,"y":12.692970275878907,"z":-18.869308471679689},"rotation":{"x":0.020462123677134515,"y":0.22451874613761903,"z":-0.0047155870124697689,"w":0.9742432832717896},"size":14.134182929992676,"orthographic":false}